{"gold24KPerGram":9219.779324785257,"silverPerGram":100.29957300009002,"timestamp":1751658703059}